CVIL1;CPAYS1;VIL1;CVIL2;CPAYS2;VIL2;NBPA2000;DKM
string;string;string;string;string;string;int;int
PUS;KORR;PUSAN;SEL;KORR;SEOUL **;6 039 947;337
FLL;UNST;FORT LAUDERDALE;NYC;UNST;NEW YORK **;5 523 884;1 728
HKG;HONG;HONG KONG;TPE;TAIW;TAIPEI;5 503 393;805
CHI;UNST;CHICAGO **;NYC;UNST;NEW YORK **;5 261 996;1 145
NYC;UNST;NEW YORK **;ORL;UNST;ORLANDO;5 101 102;1 514
LAX;UNST;LOS ANGELES **;NYC;UNST;NEW YORK **;5 064 576;3 953
BOS;UNST;BOSTON;NYC;UNST;NEW YORK **;5 009 576;306
CJU;KORR;CHEJU;SEL;KORR;SEOUL **;4 878 284;451
ATL;UNST;ATLANTA;NYC;UNST;NEW YORK **;4 875 728;1 214
NYC;UNST;NEW YORK **;WAS;UNST;WASHINGTON **;4 416 318;346
LON;UNKG;LONDON **;NYC;UNST;NEW YORK **;4 224 695;5 524
DUB;IRLD;DUBLIN;LON;UNKG;LONDON **;4 086 874;438
NYC;UNST;NEW YORK **;SFO;UNST;SAN FRANCISCO;3 947 664;4 130
BCN;SPAN;BARCELONA;MAD;SPAN;MADRID **;3 895 029;484
LAS;UNST;LAS VEGAS;LAX;UNST;LOS ANGELES **;3 692 288;379
NCE;FRAN;NICE;PAR;FRAN;PARIS **;3 396 575;674
AMS;NETH;AMSTERDAM;LON;UNKG;LONDON **;3 211 514;401
LAX;UNST;LOS ANGELES **;OAK;UNST;OAKLAND;3 132 878;543
MRS;FRAN;MARSEILLE;PAR;FRAN;PARIS **;2 989 006;628
PAR;FRAN;PARIS **;TLS;FRAN;TOULOUSE;2 982 057;574
NYC;UNST;NEW YORK **;PBI;UNST;PALM BEACH;2 935 854;1 661
LON;UNKG;LONDON **;PAR;FRAN;PARIS **;2 923 631;365
MIA;UNST;MIAMI **;NYC;UNST;NEW YORK **;2 879 834;1 760
LAS;UNST;LAS VEGAS;NYC;UNST;NEW YORK **;2 877 710;3 590
LAX;UNST;LOS ANGELES **;SFO;UNST;SAN FRANCISCO;2 788 222;544
CHI;UNST;CHICAGO **;LAX;UNST;LOS ANGELES **;2 715 870;2 820
BKK;THAI;BANGKOK;HKG;HONG;HONG KONG;2 664 922;1 712
ATL;UNST;ATLANTA;CHI;UNST;CHICAGO **;2 622 032;955
BOS;UNST;BOSTON;WAS;UNST;WASHINGTON **;2 609 158;653
CHI;UNST;CHICAGO **;DET;UNST;DETROIT **;2 608 366;356
NYC;UNST;NEW YORK **;TPA;UNST;TAMPA, FL **;2 579 310;1 621
CHI;UNST;CHICAGO **;MSP;UNST;MINNEAPOLIS;2 521 894;563
EDI;UNKG;EDINBURGH;LON;UNKG;LONDON **;2 514 905;543
LAX;UNST;LOS ANGELES **;PHX;UNST;PHOENIX;2 460 392;591
ATL;UNST;ATLANTA;WAS;UNST;WASHINGTON **;2 458 416;868
CHI;UNST;CHICAGO **;LAS;UNST;LAS VEGAS;2 370 694;2 452
LAX;UNST;LOS ANGELES **;SJC;UNST;SAN JOSE;2 319 872;495
GLA;UNKG;GLASGOW **;LON;UNKG;LONDON **;2 253 314;559
SEL;KORR;SEOUL **;TYO;JAPN;TOKYO **;2 243 452;1 178
KUL;MALB;KUALA LUMPUR;SIN;SING;SINGAPORE **;2 192 910;321
CHI;UNST;CHICAGO **;DAL;UNST;DALLAS **;2 192 674;1 291
BKK;THAI;BANGKOK;SIN;SING;SINGAPORE **;2 190 258;1 445
CHI;UNST;CHICAGO **;PHX;UNST;PHOENIX;2 155 066;2 332
CHI;UNST;CHICAGO **;ORL;UNST;ORLANDO;2 148 600;1 586
FRA;GERF;FRANKFURT;LON;UNKG;LONDON **;2 066 675;675
ATL;UNST;ATLANTA;DAL;UNST;DALLAS **;2 057 730;1 172
LAS;UNST;LAS VEGAS;PHX;UNST;PHOENIX;2 048 078;410
SAN;UNST;SAN DIEGO;SFO;UNST;SAN FRANCISCO;2 033 994;719
LAX;UNST;LOS ANGELES **;SEA;UNST;SEATTLE;2 017 004;1 537
HNL;UNST;HONOLULU;TYO;JAPN;TOKYO **;1 998 368;6 187
HKG;HONG;HONG KONG;SIN;SING;SINGAPORE **;1 992 173;2 580
CHI;UNST;CHICAGO **;SFO;UNST;SAN FRANCISCO;1 991 938;2 986
CHI;UNST;CHICAGO **;WAS;UNST;WASHINGTON **;1 972 974;940
CHI;UNST;CHICAGO **;DEN;UNST;DENVER;1 946 408;1 467
BWI;UNST;BALTIMORE;CHI;UNST;CHICAGO **;1 934 066;973
JKT;INDO;JAKARTA **;SIN;SING;SINGAPORE **;1 928 486;891
CHI;UNST;CHICAGO **;STL;UNST;ST LOUIS;1 889 872;417
OSA;JAPN;OSAKA **;PUS;KORR;PUSAN;1 882 578;575
HKG;HONG;HONG KONG;TYO;JAPN;TOKYO **;1 874 874;2 874
JED;SAUD;JEDDAH;RUH;SAUD;RIYADH;1 828 000;846
LAS;UNST;LAS VEGAS;SFO;UNST;SAN FRANCISCO;1 823 416;664
CHI;UNST;CHICAGO **;CLE;UNST;CLEVELAND;1 821 924;483
SJC;UNST;SAN JOSE;SNA;UNST;ORANGE COUNT;1 764 482;549
TPE;TAIW;TAIPEI;TYO;JAPN;TOKYO **;1 757 905;2 096
SEL;KORR;SEOUL **;TAE;KORR;TAEGU;1 745 358;264
BUR;UNST;BURBANK;OAK;UNST;OAKLAND;1 737 994;523
CHI;UNST;CHICAGO **;MKC;UNST;KANSAS CITY;1 731 112;662
SAN;UNST;SAN DIEGO;SJC;UNST;SAN JOSE;1 723 836;670
FRA;GERF;FRANKFURT;BER;GERF;BERLIN **;1 723 681;433
DEN;UNST;DENVER;NYC;UNST;NEW YORK **;1 721 958;2 609
HOU;UNST;HOUSTON **;NYC;UNST;NEW YORK **;1 712 874;2 286
ATL;UNST;ATLANTA;PHL;UNST;PHILADELPHIA;1 712 274;1 072
ATL;UNST;ATLANTA;BOS;UNST;BOSTON;1 710 154;1 520
CJU;KORR;CHEJU;PUS;KORR;PUSAN;1 697 282;306
LON;UNKG;LONDON **;MAN;UNKG;MANCHESTER;1 670 395;248
LAX;UNST;LOS ANGELES **;SMF;UNST;SACRAMENTO;1 647 314;580
LON;UNKG;LONDON **;MIL;ITAL;MILANO **;1 646 345;965
SEA;UNST;SEATTLE;SFO;UNST;SAN FRANCISCO;1 639 308;1 093
LON;UNKG;LONDON **;ROM;ITAL;ROMA **;1 637 769;1 448
BOD;FRAN;BORDEAUX;PAR;FRAN;PARIS **;1 626 800;493
OSA;JAPN;OSAKA **;SEL;KORR;SEOUL **;1 622 177;833
HOU;UNST;HOUSTON **;MSY;UNST;NEW ORLEANS;1 609 314;487
CHI;UNST;CHICAGO **;PHL;UNST;PHILADELPHIA;1 609 000;1 064
BOS;UNST;BOSTON;CHI;UNST;CHICAGO **;1 608 278;1 370
NYC;UNST;NEW YORK **;PAR;FRAN;PARIS **;1 580 455;5 837
KWJ;KORR;KWANGJU;SEL;KORR;SEOUL **;1 577 133;270
LON;UNKG;LONDON **;MAD;SPAN;MADRID **;1 574 841;1 222
AUS;UNST;AUSTIN;DAL;UNST;DALLAS **;1 567 694;301
BWI;UNST;BALTIMORE;PVD;UNST;PROVIDENCE;1 565 272;526
MAD;SPAN;MADRID **;PAR;FRAN;PARIS **;1 565 263;1 031
BFS;UNKG;BELFAST **;LON;UNKG;LONDON **;1 554 076;505
OAK;UNST;OAKLAND;SNA;UNST;ORANGE COUNT;1 548 148;597
PHX;UNST;PHOENIX;SAN;UNST;SAN DIEGO;1 547 272;486
HKG;HONG;HONG KONG;MNL;PHIL;MANILA;1 545 992;1 127
BOS;UNST;BOSTON;ORL;UNST;ORLANDO;1 531 898;1 797
ATL;UNST;ATLANTA;ORL;UNST;ORLANDO;1 528 202;640
CHI;UNST;CHICAGO **;TPA;UNST;TAMPA, FL **;1 521 136;1 612
HKG;HONG;HONG KONG;SHA;CHIN;SHANGHAI **;1 508 043;1 234
FRA;GERF;FRANKFURT;MUC;GERF;MUNICH;1 497 872;311
DEN;UNST;DENVER;LAX;UNST;LOS ANGELES **;1 490 778;1 363
LAS;UNST;LAS VEGAS;SAN;UNST;SAN DIEGO;1 472 974;416
CHI;UNST;CHICAGO **;LON;UNKG;LONDON **;1 471 624;6 318
FRA;GERF;FRANKFURT;HAM;GERF;HAMBURG;1 468 043;412
LAX;UNST;LOS ANGELES **;LON;UNKG;LONDON **;1 463 087;8 748
LON;UNKG;LONDON **;STO;SWED;STOCKHOLM **;1 463 013;1 477
OAK;UNST;OAKLAND;SAN;UNST;SAN DIEGO;1 458 600;718
LAS;UNST;LAS VEGAS;SEA;UNST;SEATTLE;1 452 864;1 393
SAN;UNST;SAN DIEGO;SMF;UNST;SACRAMENTO;1 443 686;751
BCN;SPAN;BARCELONA;PMI;SPAN;PALMA DE MALLORCA;1 437 159;202
MUC;GERF;MUNICH;BER;GERF;BERLIN **;1 436 681;498
LAX;UNST;LOS ANGELES **;TYO;JAPN;TOKYO **;1 411 672;8 809
ATL;UNST;ATLANTA;TPA;UNST;TAMPA, FL **;1 406 584;657
MAD;SPAN;MADRID **;PMI;SPAN;PALMA DE MALLORCA;1 405 959;546
OAK;UNST;OAKLAND;SEA;UNST;SEATTLE;1 404 146;1 082
DEN;UNST;DENVER;DAL;UNST;DALLAS **;1 401 874;1 032
HKG;HONG;HONG KONG;PUS;KORR;PUSAN;1 395 921;2 032
DEN;UNST;DENVER;SFO;UNST;SAN FRANCISCO;1 388 466;1 534
HKG;HONG;HONG KONG;SEL;KORR;SEOUL **;1 388 023;2 077
MSP;UNST;MINNEAPOLIS;NYC;UNST;NEW YORK **;1 386 740;1 629
BRU;BELG;BRUSSELS;LON;UNKG;LONDON **;1 384 130;372
DUS;GERF;DUSSELDORF;MUC;GERF;MUNICH;1 381 829;499
MPL;FRAN;MONTPELLIER;PAR;FRAN;PARIS **;1 378 647;585
CHI;UNST;CHICAGO **;FLL;UNST;FORT LAUDERDALE;1 375 754;1 884
LAX;UNST;LOS ANGELES **;SLC;UNST;SALT LAKE CITY;1 375 670;949
ORL;UNST;ORLANDO;WAS;UNST;WASHINGTON **;1 373 146;1 211
BKK;THAI;BANGKOK;TPE;TAIW;TAIPEI;1 370 048;2 513
CHI;UNST;CHICAGO **;HOU;UNST;HOUSTON **;1 368 776;1 522
MAD;SPAN;MADRID **;TCI;SPNA;TENERIFE **;1 365 956;1 797
LON;UNKG;LONDON **;MUC;GERF;MUNICH;1 358 334;964
SEA;UNST;SEATTLE;SJC;UNST;SAN JOSE;1 357 816;1 123
BOS;UNST;BOSTON;SFO;UNST;SAN FRANCISCO;1 357 430;4 339
LAX;UNST;LOS ANGELES **;WAS;UNST;WASHINGTON **;1 356 712;3 691
LAS;UNST;LAS VEGAS;SJC;UNST;SAN JOSE;1 346 176;617
ORL;UNST;ORLANDO;PHL;UNST;PHILADELPHIA;1 343 366;1 380
NYC;UNST;NEW YORK **;YTO;CAND;TORONTO;1 338 166;568
BUR;UNST;BURBANK;LAS;UNST;LAS VEGAS;1 337 840;357
PAR;FRAN;PARIS **;ROM;ITAL;ROMA **;1 327 788;1 088
BKK;THAI;BANGKOK;TYO;JAPN;TOKYO **;1 315 418;4 581
SEL;KORR;SEOUL **;USN;KORR;ULSAN;1 314 919;315
GEG;UNST;SPOKANE;SEA;UNST;SEATTLE;1 314 284;358
CPH;DENM;COPENHAGEN **;LON;UNKG;LONDON **;1 307 910;1 010
BUF;UNST;BUFFALO;NYC;UNST;NEW YORK **;1 303 800;462
LON;UNKG;LONDON **;YTO;CAND;TORONTO;1 302 010;5 688
GOT;SWED;GOTEBORG **;STO;SWED;STOCKHOLM **;1 300 255;379
LON;UNKG;LONDON **;ZRH;SWTZ;ZURICH;1 292 008;801
MIL;ITAL;MILANO **;NAP;ITAL;NAPOLI;1 280 805;671
AGP;SPAN;MALAGA;LON;UNKG;LONDON **;1 272 592;1 652
PHX;UNST;PHOENIX;SEA;UNST;SEATTLE;1 269 766;1 780
ATH;GREC;ATHENS;SKG;GREC;THESSALONIKI;1 269 100;298
HAM;GERF;HAMBURG;MUC;GERF;MUNICH;1 267 990;623
DUS;GERF;DUSSELDORF;PMI;SPAN;PALMA DE MALLORCA;1 254 221;1 340
GVA;SWTZ;GENEVA;LON;UNKG;LONDON **;1 250 956;758
ATL;UNST;ATLANTA;FLL;UNST;FORT LAUDERDALE;1 247 720;937
NYC;UNST;NEW YORK **;RDU;UNST;RALEIGH/DURHAM;1 211 218;685
FRA;GERF;FRANKFURT;NYC;UNST;NEW YORK **;1 208 306;6 190
PHX;UNST;PHOENIX;SFO;UNST;SAN FRANCISCO;1 204 882;1 044
BOS;UNST;BOSTON;PHL;UNST;PHILADELPHIA;1 204 864;449
HEL;FINL;HELSINKI;STO;SWED;STOCKHOLM **;1 202 473;406
BWI;UNST;BALTIMORE;MHT;UNST;MANCHESTER;1 194 014;606
CPH;DENM;COPENHAGEN **;STO;SWED;STOCKHOLM **;1 187 416;522
MIL;ITAL;MILANO **;PAR;FRAN;PARIS **;1 186 254;613
PAR;FRAN;PARIS **;SXB;FRAN;STRASBOURG;1 183 539;386
DEN;UNST;DENVER;PHX;UNST;PHOENIX;1 179 044;949
MMA;SWED;MALMO;STO;SWED;STOCKHOLM **;1 176 684;508
BUR;UNST;BURBANK;SMF;UNST;SACRAMENTO;1 176 134;556
NYC;UNST;NEW YORK **;PHX;UNST;PHOENIX;1 175 962;3 441
ATL;UNST;ATLANTA;MIA;UNST;MIAMI **;1 174 940;960
BOS;UNST;BOSTON;FLL;UNST;FORT LAUDERDALE;1 171 990;1 995
ATL;UNST;ATLANTA;HOU;UNST;HOUSTON **;1 169 244;1 119
BOS;UNST;BOSTON;LAX;UNST;LOS ANGELES **;1 166 766;4 190
LAX;UNST;LOS ANGELES **;PDX;UNST;PORTLAND;1 165 082;1 343
PAR;FRAN;PARIS **;PTP;GUAD;POINTE A PITRE;1 162 829;6 748
SFO;UNST;SAN FRANCISCO;SNA;UNST;ORANGE COUNT;1 162 042;599
MSP;UNST;MINNEAPOLIS;PHX;UNST;PHOENIX;1 160 390;2 053
BOS;UNST;BOSTON;LON;UNKG;LONDON **;1 149 437;5 218
HFD;UNST;HARTFORD SPRINGFIELDS;ORL;UNST;ORLANDO;1 147 528;1 682
LAS;UNST;LAS VEGAS;OAK;UNST;OAKLAND;1 145 346;652
PDX;UNST;PORTLAND;SJC;UNST;SAN JOSE;1 143 960;917
FRA;GERF;FRANKFURT;PAR;FRAN;PARIS **;1 135 209;470
LON;UNKG;LONDON **;SFO;UNST;SAN FRANCISCO;1 131 385;8 608
SIN;SING;SINGAPORE **;TYO;JAPN;TOKYO **;1 128 323;5 296
BWI;UNST;BALTIMORE;ORL;UNST;ORLANDO;1 118 522;1 258
ATL;UNST;ATLANTA;DET;UNST;DETROIT **;1 113 944;957
AGP;SPAN;MALAGA;MAD;SPAN;MADRID **;1 113 006;430
CTA;ITAL;CATANIA;MIL;ITAL;MILANO **;1 112 572;1 028
ATL;UNST;ATLANTA;LAX;UNST;LOS ANGELES **;1 110 742;3 122
DEN;UNST;DENVER;MSP;UNST;MINNEAPOLIS;1 106 628;1 114
LAS;UNST;LAS VEGAS;RNO;UNST;RENO;1 102 206;554
BWI;UNST;BALTIMORE;LAX;UNST;LOS ANGELES **;1 083 730;3 737
LON;UNKG;LONDON **;PMI;SPAN;PALMA DE MALLORCA;1 083 042;1 334
ATL;UNST;ATLANTA;RDU;UNST;RALEIGH/DURHAM;1 081 494;571
SAN;UNST;SAN DIEGO;SEA;UNST;SEATTLE;1 074 488;1 691
LON;UNKG;LONDON **;WAS;UNST;WASHINGTON **;1 065 629;5 870
FDF;MART;FORT DE FRANCE;PAR;FRAN;PARIS **;1 062 889;6 848
BCN;SPAN;BARCELONA;LON;UNKG;LONDON **;1 059 209;1 133
AMS;NETH;AMSTERDAM;PAR;FRAN;PARIS **;1 059 084;433
SFO;UNST;SAN FRANCISCO;WAS;UNST;WASHINGTON **;1 054 354;3 902
LON;UNKG;LONDON **;TYO;JAPN;TOKYO **;1 044 673;9 614
CGN;GERF;COLOGNE;BER;GERF;BERLIN **;1 037 996;463
BKK;THAI;BANGKOK;SEL;KORR;SEOUL **;1 036 649;3 686
NYC;UNST;NEW YORK **;PIT;UNST;PITTSBURGH;1 035 536;528
ABQ;UNST;ALBUQUERQUE;PHX;UNST;PHOENIX;1 032 924;530
BJS;CHIN;BEIJING;HKG;HONG;HONG KONG;1 030 600;1 960
HKG;HONG;HONG KONG;KHH;TAIW;KAOHSIUNG;1 030 487;639
GUM;GUAM;GUAM;TYO;JAPN;TOKYO **;1 017 120;2 502
ATH;GREC;ATHENS;LON;UNKG;LONDON **;1 015 967;2 428
BCN;SPAN;BARCELONA;PAR;FRAN;PARIS **;1 013 437;826
MSY;UNST;NEW ORLEANS;NYC;UNST;NEW YORK **;1 005 556;1 894
PHX;UNST;PHOENIX;SLC;UNST;SALT LAKE CITY;1 004 872;817
LON;UNKG;LONDON **;SIN;SING;SINGAPORE **;1 003 238;10 903
HOU;UNST;HOUSTON **;LAX;UNST;LOS ANGELES **;996 732;2 228
DEN;UNST;DENVER;LAS;UNST;LAS VEGAS;994 714;989
HKG;HONG;HONG KONG;LON;UNKG;LONDON **;992 955;9 670
MSP;UNST;MINNEAPOLIS;ORL;UNST;ORLANDO;989 152;2 098
MSP;UNST;MINNEAPOLIS;SFO;UNST;SAN FRANCISCO;987 966;2 551
CHI;UNST;CHICAGO **;CMH;UNST;COLUMBUS, OH **;987 896;449
BWI;UNST;BALTIMORE;CLE;UNST;CLEVELAND;980 152;505
PHX;UNST;PHOENIX;SJC;UNST;SAN JOSE;979 762;995
LAX;UNST;LOS ANGELES **;MEX;MEXC;MEXICO CITY;979 644;2 497
LAX;UNST;LOS ANGELES **;TPE;TAIW;TAIPEI;979 021;10 895
CHI;UNST;CHICAGO **;YTO;CAND;TORONTO;975 974;683
DEN;UNST;DENVER;WAS;UNST;WASHINGTON **;974 242;2 369
DXB;UNAR;DUBAI;LON;UNKG;LONDON **;970 817;5 513
NYC;UNST;NEW YORK **;SEA;UNST;SEATTLE;961 918;3 862
FLL;UNST;FORT LAUDERDALE;TPA;UNST;TAMPA, FL **;961 224;315
BUR;UNST;BURBANK;SJC;UNST;SAN JOSE;955 096;475
LAS;UNST;LAS VEGAS;PDX;UNST;PORTLAND;952 894;1 225
CHI;UNST;CHICAGO **;SEA;UNST;SEATTLE;950 994;2 785
CLT;UNST;CHARLOTTE;NYC;UNST;NEW YORK **;949 962;865
ATL;UNST;ATLANTA;DEN;UNST;DENVER;946 700;1 939
BOG;COLM;BOGOTA;MDE;COLM;MEDELLIN;945 756;233
NYC;UNST;NEW YORK **;TLV;ISRL;TEL AVIV;942 975;9 120
CAG;ITAL;CAGLIARI;ROM;ITAL;ROMA **;942 578;389
AMS;NETH;AMSTERDAM;DET;UNST;DETROIT **;941 892;6 285
LON;UNKG;LONDON **;ORL;UNST;ORLANDO;937 801;6 935
FAO;PORT;FARO;LON;UNKG;LONDON **;937 452;1 684
AKL;NEWZ;AUCKLAND;SYD;ASTL;SYDNEY;936 850;2 160
NYC;UNST;NEW YORK **;SAN;UNST;SAN DIEGO;935 590;3 907
LAX;UNST;LOS ANGELES **;ORL;UNST;ORLANDO;932 876;3 552
JNB;SOUF;JOHANNESBURG;LON;UNKG;LONDON **;928 205;9 072
SEA;UNST;SEATTLE;SNA;UNST;ORANGE COUNT;928 102;1 576
BOG;COLM;BOGOTA;CLO;COLM;CALI;921 302;298
LAX;UNST;LOS ANGELES **;SEL;KORR;SEOUL **;915 967;9 591
LAS;UNST;LAS VEGAS;PHL;UNST;PHILADELPHIA;911 654;3 494
ATL;UNST;ATLANTA;SFO;UNST;SAN FRANCISCO;911 274;3 432
LAX;UNST;LOS ANGELES **;MSP;UNST;MINNEAPOLIS;907 280;2 467
ATL;UNST;ATLANTA;BWI;UNST;BALTIMORE;904 492;926
LAX;UNST;LOS ANGELES **;PHL;UNST;PHILADELPHIA;901 252;3 854
DEN;UNST;DENVER;SEA;UNST;SEATTLE;899 522;1 635
LAS;UNST;LAS VEGAS;MSP;UNST;MINNEAPOLIS;898 414;2 088
SFO;UNST;SAN FRANCISCO;TYO;JAPN;TOKYO **;895 420;8 281
BUR;UNST;BURBANK;PHX;UNST;PHOENIX;892 674;589
BUR;UNST;BURBANK;SFO;UNST;SAN FRANCISCO;892 564;525
LAX;UNST;LOS ANGELES **;PUS;KORR;PUSAN;891 597;9 604
OSL;NORW;OSLO **;STO;SWED;STOCKHOLM **;890 848;416
BNA;UNST;NASHVILLE;CHI;UNST;CHICAGO **;889 826;642
NYC;UNST;NEW YORK **;TYO;JAPN;TOKYO **;888 579;10 850
BOS;UNST;BOSTON;DAL;UNST;DALLAS **;887 598;2 505
PDX;UNST;PORTLAND;SFO;UNST;SAN FRANCISCO;883 786;885
AMS;NETH;AMSTERDAM;NYC;UNST;NEW YORK **;881 618;5 849
BOS;UNST;BOSTON;TPA;UNST;TAMPA, FL **;881 610;1 908
LON;UNKG;LONDON **;MIA;UNST;MIAMI **;880 076;7 082
FMY;UNST;FORT MYERS;NYC;UNST;NEW YORK **;879 632;1 733
LAX;UNST;LOS ANGELES **;TUS;UNST;TUCSON;878 128;723
OAK;UNST;OAKLAND;PDX;UNST;PORTLAND;875 786;875
MAN;UNKG;MANCHESTER;TCI;SPNA;TENERIFE **;873 095;3 017
LON;UNKG;LONDON **;TCI;SPNA;TENERIFE **;872 323;2 872
SIN;SING;SINGAPORE **;SYD;ASTL;SYDNEY;869 802;6 289
LON;UNKG;LONDON **;TLV;ISRL;TEL AVIV;867 486;3 604
LIS;PORT;LISBON;LON;UNKG;LONDON **;865 607;1 536
ATH;GREC;ATHENS;HER;GREC;IRAKLION;865 397;313
CGN;GERF;COLOGNE;MUC;GERF;MUNICH;865 045;447
CAI;EGYP;CAIRO;JED;SAUD;JEDDAH;865 000;1 236
BWI;UNST;BALTIMORE;TPA;UNST;TAMPA, FL **;861 048;1 357
LLA;SWED;LULEA;STO;SWED;STOCKHOLM **;860 815;721
PAR;FRAN;PARIS **;TYO;JAPN;TOKYO **;858 738;9 733
MIA;UNST;MIAMI **;NAS;BAHM;NASSAU;857 133;295
HNL;UNST;HONOLULU;OSA;JAPN;OSAKA;856 848;6 586
ATL;UNST;ATLANTA;MSP;UNST;MINNEAPOLIS;856 102;1 459
HFD;UNST;HARTFORD SPRINGFIELDS;DAL;UNST;DALLAS **;852 814;2 358
ATL;UNST;ATLANTA;MEM;UNST;MEMPHIS;852 800;531
BUE;ARGT;BUENOS AIRES **;SCL;CHIL;SANTIAGO DE CHILE;851 984;1 140
PDX;UNST;PORTLAND;PHX;UNST;PHOENIX;847 606;1 623
BWI;UNST;BALTIMORE;SFO;UNST;SAN FRANCISCO;844 900;3 943
LON;UNKG;LONDON **;OSL;NORW;OSLO **;843 183;1 192
PHL;UNST;PHILADELPHIA;SFO;UNST;SAN FRANCISCO;841 934;4 046
GVA;SWTZ;GENEVA;ZRH;SWTZ;ZURICH;841 449;229
LAS;UNST;LAS VEGAS;SMF;UNST;SACRAMENTO;840 074;622
MIA;UNST;MIAMI **;WAS;UNST;WASHINGTON **;839 102;1 481
MSP;UNST;MINNEAPOLIS;WAS;UNST;WASHINGTON **;835 978;1 478
LIS;PORT;LISBON;PAR;FRAN;PARIS **;835 868;1 439
CHI;UNST;CHICAGO **;RDU;UNST;RALEIGH/DURHAM;834 530;1 014
HOU;UNST;HOUSTON **;IND;UNST;INDIANAPOLIS;828 762;1 389
NYC;UNST;NEW YORK **;STL;UNST;ST LOUIS;825 930;1 415
CHI;UNST;CHICAGO **;SAN;UNST;SAN DIEGO;823 050;2 785
FLL;UNST;FORT LAUDERDALE;PHL;UNST;PHILADELPHIA;821 066;1 602
BOS;UNST;BOSTON;DEN;UNST;DENVER;819 700;2 834
IND;UNST;INDIANAPOLIS;ORL;UNST;ORLANDO;818 718;1 324
ROM;ITAL;ROMA **;TRN;ITAL;TORINO;818 167;528
CLE;UNST;CLEVELAND;NYC;UNST;NEW YORK **;817 932;663
LCA;CYPR;LARNACA;LON;UNKG;LONDON **;814 762;3 292
BWI;UNST;BALTIMORE;LAS;UNST;LAS VEGAS;812 612;3 380
PHL;UNST;PHILADELPHIA;TPA;UNST;TAMPA, FL **;811 400;1 484
PAR;FRAN;PARIS **;RUN;REUN;ST DENIS;811 226;9 353
LAX;UNST;LOS ANGELES **;SYD;ASTL;SYDNEY;810 777;12 053
SEA;UNST;SEATTLE;SMF;UNST;SACRAMENTO;810 338;995
BWI;UNST;BALTIMORE;PHX;UNST;PHOENIX;808 716;3 210
BIO;SPAN;BILBAO;MAD;SPAN;MADRID **;807 908;319
HKG;HONG;HONG KONG;KUL;MALB;KUALA LUMPUR;807 015;2 525
NYC;UNST;NEW YORK **;ROM;ITAL;ROMA **;806 816;6 869
HOU;UNST;HOUSTON **;LAS;UNST;LAS VEGAS;806 428;1 983
BWI;UNST;BALTIMORE;STL;UNST;ST LOUIS;805 028;1 184
HFD;UNST;HARTFORD SPRINGFIELDS;CHI;UNST;CHICAGO **;803 732;1 235
CHI;UNST;CHICAGO **;MIA;UNST;MIAMI **;802 162;1 908
STR;GERF;STUTTGART;BER;GERF;BERLIN **;801 131;516
PAR;FRAN;PARIS **;YMQ;CAND;MONTREAL **;792 091;5 509
DUS;GERF;DUSSELDORF;LON;UNKG;LONDON **;791 694;526
MIL;ITAL;MILANO **;PMO;ITAL;PALERMO;790 633;899
FRA;GERF;FRANKFURT;PMI;SPAN;PALMA DE MALLORCA;790 402;1 251
PAR;FRAN;PARIS **;ZRH;SWTZ;ZURICH;790 213;479
DEN;UNST;DENVER;MKC;UNST;KANSAS CITY;788 366;886
PDX;UNST;PORTLAND;SMF;UNST;SACRAMENTO;787 786;790
OAK;UNST;OAKLAND;PHX;UNST;PHOENIX;786 960;1 035
NYC;UNST;NEW YORK **;SDQ;DOMR;SANTO DOMINGO;785 131;2 514
ALC;SPAN;ALICANTE;LON;UNKG;LONDON **;783 674;1 436
DUS;GERF;DUSSELDORF;BER;GERF;BERLIN **;783 612;471
BOS;UNST;BOSTON;MSP;UNST;MINNEAPOLIS;782 998;1 803
LON;UNKG;LONDON **;VIE;AUST;VIENNA;782 706;1 292
CCS;VENZ;CARACAS;MIA;UNST;MIAMI **;780 194;2 194
MAN;UNKG;MANCHESTER;PMI;SPAN;PALMA DE MALLORCA;777 818;1 580
TPA;UNST;TAMPA, FL **;WAS;UNST;WASHINGTON **;774 874;1 308
CHI;UNST;CHICAGO **;TYO;JAPN;TOKYO **;774 779;10 141
ORL;UNST;ORLANDO;PVD;UNST;PROVIDENCE;773 598;1 719
LIS;PORT;LISBON;MAD;SPAN;MADRID **;772 426;512
PAR;FRAN;PARIS **;TUN;TUNS;TUNIS;770 099;1 466
BWI;UNST;BALTIMORE;FLL;UNST;FORT LAUDERDALE;768 610;1 492
PAR;FRAN;PARIS **;TLV;ISRL;TEL AVIV;768 434;3 283
SHA;CHIN;SHANGHAI **;TYO;JAPN;TOKYO **;765 674;1 754
GDL;MEXC;GUADALAJARA;LAX;UNST;LOS ANGELES **;764 613;2 103
GUM;GUAM;GUAM;OSA;JAPN;OSAKA;763 139;2 545
AGH;SWED;HELSINGBORG;STO;SWED;STOCKHOLM **;762 207;456
FLL;UNST;FORT LAUDERDALE;WAS;UNST;WASHINGTON **;761 956;1 450
FNC;MADR;FUNCHAL;LIS;PORT;LISBON;759 813;977
OSA;JAPN;OSAKA **;TPE;TAIW;TAIPEI;756 498;1 717
LON;UNKG;LONDON **;ORK;IRLD;CORK;753 800;533
CJU;KORR;CHEJU;KWJ;KORR;KWANGJU;750 766;182
ATL;UNST;ATLANTA;MSY;UNST;NEW ORLEANS;747 782;685
SEA;UNST;SEATTLE;SLC;UNST;SALT LAKE CITY;747 358;1 107
DEN;UNST;DENVER;SLC;UNST;SALT LAKE CITY;747 270;611
ATL;UNST;ATLANTA;JAX;UNST;JACKSONVILLE;746 840;446
LAS;UNST;LAS VEGAS;SLC;UNST;SALT LAKE CITY;746 106;592
CHI;UNST;CHICAGO **;FMY;UNST;FORT MYERS;740 990;1 778
KPO;KORR;POHANG;SEL;KORR;SEOUL **;740 851;291
ABZ;UNKG;ABERDEEN;LON;UNKG;LONDON **;739 850;662
LAX;UNST;LOS ANGELES **;RNO;UNST;RENO;738 528;630
HFD;UNST;HARTFORD SPRINGFIELDS;BWI;UNST;BALTIMORE;736 996;456
GVA;SWTZ;GENEVA;PAR;FRAN;PARIS **;736 657;395
MKC;UNST;KANSAS CITY;STL;UNST;ST LOUIS;733 704;367
BRU;BELG;BRUSSELS;MAD;SPAN;MADRID **;732 240;1 315
CHI;UNST;CHICAGO **;FRA;GERF;FRANKFURT;732 163;6 959
LYS;FRAN;LYON **;PAR;FRAN;PARIS **;726 318;385
HKG;HONG;HONG KONG;OSA;JAPN;OSAKA;724 202;2 483
BUE;ARGT;BUENOS AIRES **;SAO;BRAZ;SAO PAULO **;724 063;1 674
CHI;UNST;CHICAGO **;PIT;UNST;PITTSBURGH;720 148;638
MAD;SPAN;MADRID **;ROM;ITAL;ROMA **;718 684;1 329
MIA;UNST;MIAMI **;SAO;BRAZ;SAO PAULO **;718 667;6 534
SIN;SING;SINGAPORE **;TPE;TAIW;TAIPEI;717 558;3 239
RNO;UNST;RENO;SEA;UNST;SEATTLE;716 814;907
JAX;UNST;JACKSONVILLE;NYC;UNST;NEW YORK **;714 356;1 339
MSP;UNST;MINNEAPOLIS;SEA;UNST;SEATTLE;713 854;2 242
HOU;UNST;HOUSTON **;SAT;UNST;SAN ANTONIO;711 126;306
LAX;UNST;LOS ANGELES **;YVR;CAND;VANCOUVER;709 542;1 739
AUS;UNST;AUSTIN;HOU;UNST;HOUSTON **;707 428;242
BUE;ARGT;BUENOS AIRES **;MIA;UNST;MIAMI **;706 169;7 094
CVG;UNST;CINCINNATI;NYC;UNST;NEW YORK **;704 588;929
DEN;UNST;DENVER;SAN;UNST;SAN DIEGO;703 936;1 349
AKL;NEWZ;AUCKLAND;LAX;UNST;LOS ANGELES **;702 681;10 479
DEN;UNST;DENVER;HOU;UNST;HOUSTON **;701 212;1 423
LON;UNKG;LONDON **;NCE;FRAN;NICE;698 259;1 040
MAD;SPAN;MADRID **;SCQ;SPAN;SANTIAGO DE COMPOSTELA;696 469;490
ABQ;UNST;ALBUQUERQUE;DAL;UNST;DALLAS **;692 494;911
ALC;SPAN;ALICANTE;MAD;SPAN;MADRID **;690 128;351
MAD;SPAN;MADRID **;MIL;ITAL;MILANO **;689 866;1 164
CHI;UNST;CHICAGO **;OMA;UNST;OMAHA;689 736;690
HAM;GERF;HAMBURG;LON;UNKG;LONDON **;686 505;775
IND;UNST;INDIANAPOLIS;LAS;UNST;LAS VEGAS;685 274;2 553
STO;SWED;STOCKHOLM **;UME;SWED;UMEA;684 872;510
CHI;UNST;CHICAGO **;SDF;UNST;LOUISVILLE;681 566;440
LON;UNKG;LONDON **;BER;GERF;BERLIN **;681 486;976
BWI;UNST;BALTIMORE;DET;UNST;DETROIT **;680 256;642
PEN;MALB;PENANG;SIN;SING;SINGAPORE **;679 987;602
BRU;BELG;BRUSSELS;ROM;ITAL;ROMA **;677 700;1 171
DEN;UNST;DENVER;ORL;UNST;ORLANDO;675 532;2 487
BJS;CHIN;BEIJING;SEL;KORR;SEOUL **;675 256;947
MKC;UNST;KANSAS CITY;NYC;UNST;NEW YORK **;674 438;1 761
MIL;ITAL;MILANO **;NYC;UNST;NEW YORK **;673 362;6 439
BKK;THAI;BANGKOK;KUL;MALB;KUALA LUMPUR;672 295;1 206
MNL;PHIL;MANILA;SIN;SING;SINGAPORE **;671 738;2 374
PUS;KORR;PUSAN;SIN;SING;SINGAPORE **;669 383;4 569
HKG;HONG;HONG KONG;SYD;ASTL;SYDNEY;668 700;7 373
BNA;UNST;NASHVILLE;BWI;UNST;BALTIMORE;667 510;943
OSA;JAPN;OSAKA **;SHA;CHIN;SHANGHAI **;664 736;1 352
AMS;NETH;AMSTERDAM;MAD;SPAN;MADRID **;664 110;1 462
CHI;UNST;CHICAGO **;PVD;UNST;PROVIDENCE;663 866;1 340
OSA;JAPN;OSAKA **;SIN;SING;SINGAPORE **;662 825;4 939
FRA;GERF;FRANKFURT;TYO;JAPN;TOKYO **;662 097;9 354
LON;UNKG;LONDON **;SNN;IRLD;SHANNON;661 080;575
FRA;GERF;FRANKFURT;MIL;ITAL;MILANO **;660 959;501
CMH;UNST;COLUMBUS, OH **;ORL;UNST;ORLANDO;656 106;1 282
LAS;UNST;LAS VEGAS;SNA;UNST;ORANGE COUNT;652 776;364
PAR;FRAN;PARIS **;TLN;FRAN;TOULON;652 753;690
SFO;UNST;SAN FRANCISCO;TPE;TAIW;TAIPEI;652 211;10 363
BOS;UNST;BOSTON;LAS;UNST;LAS VEGAS;651 962;3 822
AMS;NETH;AMSTERDAM;FRA;GERF;FRANKFURT;651 954;366
BWI;UNST;BALTIMORE;HOU;UNST;HOUSTON **;651 048;2 003
CMH;UNST;COLUMBUS, OH **;LAS;UNST;LAS VEGAS;650 312;2 843
HOU;UNST;HOUSTON **;WAS;UNST;WASHINGTON **;650 010;1 945
FRA;GERF;FRANKFURT;VIE;AUST;VIENNA;649 414;617
BKK;THAI;BANGKOK;FRA;GERF;FRANKFURT;648 837;8 963
BKK;THAI;BANGKOK;OSA;JAPN;OSAKA;648 305;4 186
CHI;UNST;CHICAGO **;IND;UNST;INDIANAPOLIS;647 934;263
LAS;UNST;LAS VEGAS;MKE;UNST;MILWAUKEE;646 614;2 446
LON;UNKG;LONDON **;NCL;UNKG;NEWCASTLE;645 964;419
MAD;SPAN;MADRID **;VLC;SPAN;VALENCIA;645 547;286
AMS;NETH;AMSTERDAM;BCN;SPAN;BARCELONA;645 341;1 241
ATH;GREC;ATHENS;PAR;FRAN;PARIS **;644 360;2 093
SEL;KORR;SEOUL **;SIN;SING;SINGAPORE **;642 006;4 650
AGP;SPAN;MALAGA;MAN;UNKG;MANCHESTER;641 781;1 862
ALC;SPAN;ALICANTE;MAN;UNKG;MANCHESTER;639 262;1 669
HEL;FINL;HELSINKI;OUL;FINL;OULU;638 781;513
JER;UNKG;JERSEY;LON;UNKG;LONDON **;637 408;251
IND;UNST;INDIANAPOLIS;NYC;UNST;NEW YORK **;637 054;1 049
LON;UNKG;LONDON **;YVR;CAND;VANCOUVER;636 962;7 574
AYT;TURK;ANTALYA;DUS;GERF;DUSSELDORF;633 776;2 476
ISP;UNST;LONG ISLAND MACARTHUR;ORL;UNST;ORLANDO;632 856;1 556
HOU;UNST;HOUSTON **;SFO;UNST;SAN FRANCISCO;632 072;2 646
PDX;UNST;PORTLAND;SAN;UNST;SAN DIEGO;631 490;1 501
MUC;GERF;MUNICH;PAR;FRAN;PARIS **;631 278;690
DUB;IRLD;DUBLIN;MAN;UNKG;MANCHESTER;631 109;264
DPS;INDO;DENPASAR (BALI);SIN;SING;SINGAPORE **;629 955;1 671
NYC;UNST;NEW YORK **;ROC;UNST;ROCHESTER;629 368;402
FRA;GERF;FRANKFURT;SIN;SING;SINGAPORE **;628 345;10 272
PHX;UNST;PHOENIX;SMF;UNST;SACRAMENTO;628 260;1 021
CMH;UNST;COLUMBUS, OH **;NYC;UNST;NEW YORK **;627 850;758
HOU;UNST;HOUSTON **;ORL;UNST;ORLANDO;627 524;1 359
BCN;SPAN;BARCELONA;SVQ;SPAN;SEVILLE;626 247;809
BOI;UNST;BOISE;SEA;UNST;SEATTLE;624 876;640
CHI;UNST;CHICAGO **;MSY;UNST;NEW ORLEANS;624 476;1 341
DUS;GERF;DUSSELDORF;FRA;GERF;FRANKFURT;623 572;189
PER;ASTL;PERTH;SIN;SING;SINGAPORE **;622 826;3 908
ATL;UNST;ATLANTA;MKC;UNST;KANSAS CITY;622 324;1 091
AMS;NETH;AMSTERDAM;ZRH;SWTZ;ZURICH;620 101;604
MKE;UNST;MILWAUKEE;ORL;UNST;ORLANDO;619 208;1 706
ATL;UNST;ATLANTA;LAS;UNST;LAS VEGAS;618 518;2 803
MKC;UNST;KANSAS CITY;MSP;UNST;MINNEAPOLIS;614 368;652
FRA;GERF;FRANKFURT;MAD;SPAN;MADRID **;614 254;1 422
CHI;UNST;CHICAGO **;CVG;UNST;CINCINNATI;613 496;401
MYR;UNST;MYRTLE BEACH;NYC;UNST;NEW YORK **;612 208;899
DMM;SAUD;AD DAMMAM;RUH;SAUD;RIYADH;612 000;390
SDQ;DOMR;SANTO DOMINGO;SJU;PURI;SAN JUAN;611 904;387
ABQ;UNST;ALBUQUERQUE;LAX;UNST;LOS ANGELES **;610 876;1 087
GSO;UNST;GREENSBORO;NYC;UNST;NEW YORK **;610 368;732
CHI;UNST;CHICAGO **;SNA;UNST;ORANGE COUNT;609 804;2 791
LAX;UNST;LOS ANGELES **;MIA;UNST;MIAMI **;608 220;3 760
BIQ;FRAN;BIARRITZ;PAR;FRAN;PARIS **;608 056;658
FRA;GERF;FRANKFURT;WAS;UNST;WASHINGTON **;607 519;6 536
FRA;GERF;FRANKFURT;IST;TURK;ISTANBUL;606 850;1 862
MEX;MEXC;MEXICO CITY;MIA;UNST;MIAMI **;606 719;2 051
LON;UNKG;LONDON **;PRG;CZCH;PRAGUE;606 655;1 080
LIS;PORT;LISBON;OPO;PORT;PORTO;603 586;270
RSU;KORR;YEOSU;SEL;KORR;SEOUL **;602 324;325
ATH;GREC;ATHENS;RHO;GREC;RODOS;602 080;423
JED;SAUD;JEDDAH;MED;SAUD;MEDINA;601 000;341
HEL;FINL;HELSINKI;LON;UNKG;LONDON **;600 178;1 878
HOU;UNST;HOUSTON **;TUL;UNST;TULSA;600 020;730
BRU;BELG;BRUSSELS;NYC;UNST;NEW YORK **;596 972;5 887
HOU;UNST;HOUSTON **;MEX;MEXC;MEXICO CITY;596 440;1 198
AHB;SAUD;ABHA;RUH;SAUD;RIYADH;596 000;843
BJS;CHIN;BEIJING;TYO;JAPN;TOKYO **;595 980;2 113
HKG;HONG;HONG KONG;SFO;UNST;SAN FRANCISCO;594 734;11 099
FRA;GERF;FRANKFURT;ROM;ITAL;ROMA **;594 298;957
NGO;JAPN;NAGOYA;SEL;KORR;SEOUL **;592 499;940
MNL;PHIL;MANILA;TYO;JAPN;TOKYO **;591 929;2 992
ATL;UNST;ATLANTA;HFD;UNST;HARTFORD SPRINGFIELDS;591 264;1 380
ATL;UNST;ATLANTA;LON;UNKG;LONDON **;589 306;6 738
HKG;HONG;HONG KONG;YVR;CAND;VANCOUVER;588 336;10 246
KUL;MALB;KUALA LUMPUR;LON;UNKG;LONDON **;586 943;10 593
FUK;JAPN;FUKUOKA;SEL;KORR;SEOUL **;585 791;550
FLL;UNST;FORT LAUDERDALE;JAX;UNST;JACKSONVILLE;584 322;504
HOU;UNST;HOUSTON **;STL;UNST;ST LOUIS;583 868;1 108
ORL;UNST;ORLANDO;RDU;UNST;RALEIGH/DURHAM;583 002;850
BWI;UNST;BALTIMORE;SAN;UNST;SAN DIEGO;582 434;3 683
MEL;ASTL;MELBOURNE **;SIN;SING;SINGAPORE **;582 318;6 038
FLL;UNST;FORT LAUDERDALE;ISP;UNST;LONG ISLAND MACARTHUR;580 050;1 762
BOG;COLM;BOGOTA;MIA;UNST;MIAMI **;579 856;2 434
PHL;UNST;PHILADELPHIA;PIT;UNST;PITTSBURGH;576 824;430
NYC;UNST;NEW YORK **;YMQ;CAND;MONTREAL **;575 036;531
ATL;UNST;ATLANTA;PIT;UNST;PITTSBURGH;572 874;845
BCN;SPAN;BARCELONA;BRU;BELG;BRUSSELS;569 658;1 083
BRU;BELG;BRUSSELS;MIL;ITAL;MILANO **;568 951;683
BRI;ITAL;BARI;MIL;ITAL;MILANO **;568 951;796
HFD;UNST;HARTFORD SPRINGFIELDS;FLL;UNST;FORT LAUDERDALE;568 578;1 891
FLL;UNST;FORT LAUDERDALE;ORL;UNST;ORLANDO;567 554;298
SFO;UNST;SAN FRANCISCO;SLC;UNST;SALT LAKE CITY;566 340;963
DMM;SAUD;AD DAMMAM;JED;SAUD;JEDDAH;566 000;1 234
BHX;UNKG;BIRMINGHAM;DUB;IRLD;DUBLIN;563 276;320
MKC;UNST;KANSAS CITY;ORL;UNST;ORLANDO;562 690;1 692
AMS;NETH;AMSTERDAM;MIL;ITAL;MILANO **;561 629;814
AMS;NETH;AMSTERDAM;ROM;ITAL;ROMA **;560 817;1 296
CPH;DENM;COPENHAGEN **;PAR;FRAN;PARIS **;560 643;1 034
DAL;UNST;DALLAS **;MEX;MEXC;MEXICO CITY;560 310;1 507
CUN;MEXC;CANCUN;MIA;UNST;MIAMI **;554 865;800
LON;UNKG;LONDON **;PHL;UNST;PHILADELPHIA;554 186;5 667
PDX;UNST;PORTLAND;SLC;UNST;SALT LAKE CITY;553 368;1 012
CLE;UNST;CLEVELAND;LAS;UNST;LAS VEGAS;552 464;2 929
MIA;UNST;MIAMI **;SJO;COST;SAN JOSE;552 020;1 808
LON;UNKG;LONDON **;MLA;MALT;MALTA;551 707;2 102
BNA;UNST;NASHVILLE;DET;UNST;DETROIT **;551 646;734
SFO;UNST;SAN FRANCISCO;YVR;CAND;VANCOUVER;551 573;1 287
FRA;GERF;FRANKFURT;HAJ;GERF;HANOVER;549 962;280
CAS;MORC;CASABLANCA **;PAR;FRAN;PARIS **;549 898;1 880
ATH;GREC;ATHENS;LCA;CYPR;LARNACA;548 703;946
NYC;UNST;NEW YORK **;SJC;UNST;SAN JOSE;547 868;4 102
BOS;UNST;BOSTON;FMY;UNST;FORT MYERS;547 182;2 013
CMH;UNST;COLUMBUS, OH **;TPA;UNST;TAMPA, FL **;547 048;1 338
FRA;GERF;FRANKFURT;ZRH;SWTZ;ZURICH;546 070;287
NYC;UNST;NEW YORK **;SNN;IRLD;SHANNON;545 449;4 949
AMS;NETH;AMSTERDAM;MAN;UNKG;MANCHESTER;545 395;487
MKE;UNST;MILWAUKEE;NYC;UNST;NEW YORK **;544 792;1 176
CLE;UNST;CLEVELAND;ORL;UNST;ORLANDO;541 900;1 432
HAM;GERF;HAMBURG;PMI;SPAN;PALMA DE MALLORCA;541 132;1 658
NYC;UNST;NEW YORK **;SLC;UNST;SALT LAKE CITY;540 050;3 171
ORL;UNST;ORLANDO;STL;UNST;ST LOUIS;539 970;1 407
LAS;UNST;LAS VEGAS;MKC;UNST;KANSAS CITY;538 916;1 839
LAX;UNST;LOS ANGELES **;MSY;UNST;NEW ORLEANS;537 854;2 680
IST;TURK;ISTANBUL;LON;UNKG;LONDON **;537 611;2 531
DEN;UNST;DENVER;PDX;UNST;PORTLAND;537 504;1 581
LAX;UNST;LOS ANGELES **;PAR;FRAN;PARIS **;536 472;9 110
ATL;UNST;ATLANTA;GSO;UNST;GREENSBORO;535 742;491
BOS;UNST;BOSTON;MIA;UNST;MIAMI **;535 562;2 026
CGN;GERF;COLOGNE;PMI;SPAN;PALMA DE MALLORCA;535 278;1 304
BWI;UNST;BALTIMORE;DEN;UNST;DENVER;534 540;2 411
BKK;THAI;BANGKOK;LON;UNKG;LONDON **;534 272;9 570
BNA;UNST;NASHVILLE;ORL;UNST;ORLANDO;530 798;981
MLH;FRAN;MULHOUSE;PAR;FRAN;PARIS **;530 377;401
LON;UNKG;LONDON **;SYD;ASTL;SYDNEY;527 269;17 038
HKG;HONG;HONG KONG;LAX;UNST;LOS ANGELES **;526 772;11 636
AMA;UNST;AMARILLO INTL;DAL;UNST;DALLAS **;526 590;499
MAN;UNKG;MANCHESTER;PAR;FRAN;PARIS **;526 533;607
BRU;BELG;BRUSSELS;FRA;GERF;FRANKFURT;526 191;304
IND;UNST;INDIANAPOLIS;TPA;UNST;TAMPA, FL **;525 000;1 352
DEN;UNST;DENVER;SJC;UNST;SAN JOSE;524 990;1 502
BOI;UNST;BOISE;PDX;UNST;PORTLAND;524 472;553
HOU;UNST;HOUSTON **;PHX;UNST;PHOENIX;523 636;1 637
BOS;UNST;BOSTON;BWI;UNST;BALTIMORE;523 422;595
MKC;UNST;KANSAS CITY;PHX;UNST;PHOENIX;522 586;1 682
MNL;PHIL;MANILA;SEL;KORR;SEOUL **;520 977;2 622
DXB;UNAR;DUBAI;KHI;PAKI;KARACHI;520 548;1 190
MAD;SPAN;MADRID **;OVD;SPAN;OVIEDO;518 112;377
PAR;FRAN;PARIS **;VCE;ITAL;VENICE;517 242;840
FRA;GERF;FRANKFURT;HKG;HONG;HONG KONG;516 737;9 164
OPO;PORT;PORTO;PAR;FRAN;PARIS **;515 918;1 207
BRI;ITAL;BARI;ROM;ITAL;ROMA **;515 454;386
PAR;FRAN;PARIS **;PUF;FRAN;PAU;515 167;641
MKE;UNST;MILWAUKEE;MSP;UNST;MINNEAPOLIS;515 064;477
HOU;UNST;HOUSTON **;PHL;UNST;PHILADELPHIA;514 414;2 148
BUE;ARGT;BUENOS AIRES **;MAD;SPAN;MADRID **;513 982;10 046
BES;FRAN;BREST;PAR;FRAN;PARIS **;513 711;501
HOU;UNST;HOUSTON **;LON;UNKG;LONDON **;512 969;7 768
MAD;SPAN;MADRID **;SVQ;SPAN;SEVILLE;512 895;393
GEG;UNST;SPOKANE;PDX;UNST;PORTLAND;512 074;449
MAA;INDA;CHENNAI/MADRAS;SIN;SING;SINGAPORE **;512 073;2 922
ATL;UNST;ATLANTA;PHX;UNST;PHOENIX;512 018;2 549
PAR;FRAN;PARIS **;VIE;AUST;VIENNA;511 917;1 044
BNA;UNST;NASHVILLE;NYC;UNST;NEW YORK **;511 070;1 217
LAX;UNST;LOS ANGELES **;STL;UNST;ST LOUIS;509 910;2 555
AGP;SPAN;MALAGA;BCN;SPAN;BARCELONA;509 791;767
PAR;FRAN;PARIS **;WAS;UNST;WASHINGTON **;508 686;6 183
SEL;KORR;SEOUL **;SFO;UNST;SAN FRANCISCO;508 424;9 050
LAX;UNST;LOS ANGELES **;MKC;UNST;KANSAS CITY;508 324;2 196
SAN;UNST;SAN DIEGO;SLC;UNST;SALT LAKE CITY;507 572;1 007
ORL;UNST;ORLANDO;PIT;UNST;PITTSBURGH;507 084;1 332
MIA;UNST;MIAMI **;PAR;FRAN;PARIS **;506 887;7 360
MIA;UNST;MIAMI **;YTO;CAND;TORONTO;505 750;1 988
AMS;NETH;AMSTERDAM;CPH;DENM;COPENHAGEN **;505 438;631
ATH;GREC;ATHENS;CHQ;GREC;CHANIA;504 943;266
BUR;UNST;BURBANK;SEA;UNST;SEATTLE;504 866;1 509
BOS;UNST;BOSTON;RDU;UNST;RALEIGH/DURHAM;504 564;985
ABY;UNST;ALBANY;BWI;UNST;BALTIMORE;501 753;1 088
BRU;BELG;BRUSSELS;CPH;DENM;COPENHAGEN **;501 643;754
ALG;ALGR;ALGIERS;PAR;FRAN;PARIS **;500 828;1 339
CHI;UNST;CHICAGO **;SJC;UNST;SAN JOSE;500 364;2 957
IND;UNST;INDIANAPOLIS;LAX;UNST;LOS ANGELES **;499 978;2 912
ATL;UNST;ATLANTA;DAY;UNST;DAYTON;498 436;695
AMS;NETH;AMSTERDAM;STO;SWED;STOCKHOLM **;497 700;1 130
BCN;SPAN;BARCELONA;FRA;GERF;FRANKFURT;497 623;1 092
LON;UNKG;LONDON **;VCE;ITAL;VENICE;497 598;1 170
PDX;UNST;PORTLAND;RNO;UNST;RENO;497 586;715
BOS;UNST;BOSTON;HOU;UNST;HOUSTON **;497 526;2 587
OAK;UNST;OAKLAND;SLC;UNST;SALT LAKE CITY;497 334;945
CJJ;KORR;CHEONGJU;CJU;KORR;CHEJU;497 272;369
MSY;UNST;NEW ORLEANS;WAS;UNST;WASHINGTON **;496 860;1 548
PHX;UNST;PHOENIX;STL;UNST;ST LOUIS;496 606;2 028
CAG;ITAL;CAGLIARI;MIL;ITAL;MILANO **;496 437;698
SEA;UNST;SEATTLE;WAS;UNST;WASHINGTON **;495 598;3 719
DUB;IRLD;DUBLIN;NYC;UNST;NEW YORK **;495 270;5 106
AMS;NETH;AMSTERDAM;MSP;UNST;MINNEAPOLIS;494 264;6 679
CPH;DENM;COPENHAGEN **;HEL;FINL;HELSINKI;493 083;892
ATL;UNST;ATLANTA;STL;UNST;ST LOUIS;491 940;777
MIA;UNST;MIAMI **;SDQ;DOMR;SANTO DOMINGO;490 435;1 364
BWI;UNST;BALTIMORE;SDF;UNST;LOUISVILLE;490 086;794
BOS;UNST;BOSTON;PBI;UNST;PALM BEACH;488 904;1 929
FRA;GERF;FRANKFURT;LAX;UNST;LOS ANGELES **;488 824;9 316
CJU;KORR;CHEJU;TAE;KORR;TAEGU;488 688;335
BOG;COLM;BOGOTA;CTG;COLM;CARTAGENA;488 312;656
MAD;SPAN;MADRID **;NYC;UNST;NEW YORK **;485 002;5 769
CHI;UNST;CHICAGO **;CLT;UNST;CHARLOTTE;482 886;940
IST;TURK;ISTANBUL;PAR;FRAN;PARIS **;482 690;2 240
AUS;UNST;AUSTIN;SJC;UNST;SAN JOSE;481 994;2 361
MEM;UNST;MEMPHIS;NYC;UNST;NEW YORK **;481 498;1 534
MEX;MEXC;MEXICO CITY;NYC;UNST;NEW YORK **;481 093;3 358
FRA;GERF;FRANKFURT;YTO;CAND;TORONTO;480 463;6 339
HFD;UNST;HARTFORD SPRINGFIELDS;PBI;UNST;PALM BEACH;480 230;1 824
CPH;DENM;COPENHAGEN **;FRA;GERF;FRANKFURT;479 921;678
BGI;BARB;BARBADOS;LON;UNKG;LONDON **;479 755;6 717
ATL;UNST;ATLANTA;SEA;UNST;SEATTLE;479 506;3 501
DUB;IRLD;DUBLIN;PAR;FRAN;PARIS **;477 370;796
MAD;SPAN;MADRID **;VGO;SPAN;VIGO;476 667;464
CHI;UNST;CHICAGO **;PDX;UNST;PORTLAND;476 602;2 815
LAS;UNST;LAS VEGAS;ORL;UNST;ORLANDO;476 590;3 267
LAS;UNST;LAS VEGAS;TPA;UNST;TAMPA, FL **;476 530;3 187
ATH;GREC;ATHENS;MIL;ITAL;MILANO **;475 222;1 484
SAN;UNST;SAN DIEGO;WAS;UNST;WASHINGTON **;474 852;3 635
HFD;UNST;HARTFORD SPRINGFIELDS;TPA;UNST;TAMPA, FL **;473 910;1 790
ACE;SPNA;ARRECIFE;LON;UNKG;LONDON **;473 226;2 702
MSY;UNST;NEW ORLEANS;ORL;UNST;ORLANDO;473 072;879
BCN;SPAN;BARCELONA;IBZ;SPAN;IBIZA;471 791;277
FLL;UNST;FORT LAUDERDALE;LAX;UNST;LOS ANGELES **;468 758;3 759
NYC;UNST;NEW YORK **;SNA;UNST;ORANGE COUNT;467 450;3 921
ABY;UNST;ALBANY;ORL;UNST;ORLANDO;467 396;432
ATL;UNST;ATLANTA;FNT;UNST;FLINT;467 128;1 037
PAR;FRAN;PARIS **;PGF;FRAN;PERPIGNAN;466 970;668
BWI;UNST;BALTIMORE;SEA;UNST;SEATTLE;465 578;3 746
ATH;GREC;ATHENS;FRA;GERF;FRANKFURT;465 284;1 807
FAO;PORT;FARO;MAN;UNKG;MANCHESTER;464 993;1 867
ABQ;UNST;ALBUQUERQUE;LAS;UNST;LAS VEGAS;464 728;783
PAR;FRAN;PARIS **;STO;SWED;STOCKHOLM **;464 576;1 549
ORL;UNST;ORLANDO;SFO;UNST;SAN FRANCISCO;463 576;3 919
AKL;NEWZ;AUCKLAND;BNE;ASTL;BRISBANE;463 496;2 269
PUS;KORR;PUSAN;SFO;UNST;SAN FRANCISCO;462 385;9 066
BOS;UNST;BOSTON;PIT;UNST;PITTSBURGH;461 966;797
PMI;SPAN;PALMA DE MALLORCA;STR;GERF;STUTTGART;461 698;1 137
LON;UNKG;LONDON **;LYS;FRAN;LYON **;459 178;749
BUF;UNST;BUFFALO;CHI;UNST;CHICAGO **;458 484;739
BJS;CHIN;BEIJING;SIN;SING;SINGAPORE **;457 621;4 459
AUS;UNST;AUSTIN;NYC;UNST;NEW YORK **;456 430;2 428
MIA;UNST;MIAMI **;PHL;UNST;PHILADELPHIA;456 114;1 634
AJA;FRAN;AJACCIO;PAR;FRAN;PARIS **;455 555;908
AUS;UNST;AUSTIN;CHI;UNST;CHICAGO **;454 998;1 569
DJE;TUNS;JERBA;PAR;FRAN;PARIS **;454 192;1 790
HAJ;GERF;HANOVER;PMI;SPAN;PALMA DE MALLORCA;454 174;1 529
BOS;UNST;BOSTON;DET;UNST;DETROIT **;454 058;1 014
CHI;UNST;CHICAGO **;PAR;FRAN;PARIS **;453 937;6 656
AMS;NETH;AMSTERDAM;GVA;SWTZ;GENEVA;452 029;683
LAX;UNST;LOS ANGELES **;OSA;JAPN;OSAKA;451 454;9 179
HFD;UNST;HARTFORD SPRINGFIELDS;WAS;UNST;WASHINGTON **;451 210;513
MSP;UNST;MINNEAPOLIS;SAN;UNST;SAN DIEGO;450 966;2 462
ATL;UNST;ATLANTA;BUF;UNST;BUFFALO;450 808;1 144
ISP;UNST;LONG ISLAND MACARTHUR;TPA;UNST;TAMPA, FL **;450 270;1 665
RNO;UNST;RENO;SJC;UNST;SAN JOSE;450 254;303
CHI;UNST;CHICAGO **;SLC;UNST;SALT LAKE CITY;450 142;2 027
AHB;SAUD;ABHA;JED;SAUD;JEDDAH;449 000;502
HAJ;GERF;HANOVER;MUC;GERF;MUNICH;448 508;500
PHL;UNST;PHILADELPHIA;PHX;UNST;PHOENIX;448 294;3 333
CPT;SOUF;CAPE-TOWN;LON;UNKG;LONDON **;447 283;9 663
DEN;UNST;DENVER;PHL;UNST;PHILADELPHIA;446 628;2 519
FRA;GERF;FRANKFURT;STR;GERF;STUTTGART;445 579;157
HNL;UNST;HONOLULU;NGO;JAPN;NAGOYA;445 344;6 447
CLE;UNST;CLEVELAND;LAX;UNST;LOS ANGELES **;445 210;3 294
NYC;UNST;NEW YORK **;SAO;BRAZ;SAO PAULO **;443 592;7 650
NYC;UNST;NEW YORK **;PUS;KORR;PUSAN;443 550;11 241
NYC;UNST;NEW YORK **;PDX;UNST;PORTLAND;442 900;3 916
CPH;DENM;COPENHAGEN **;GOT;SWED;GOTEBORG **;442 502;267
BAQ;COLM;BARRANQUILLA;BOG;COLM;BOGOTA;442 390;691
SEA;UNST;SEATTLE;TYO;JAPN;TOKYO **;442 291;7 708
HAM;GERF;HAMBURG;STR;GERF;STUTTGART;442 090;553
MIA;UNST;MIAMI **;SCL;CHIL;SANTIAGO DE CHILE;440 854;6 672
LON;UNKG;LONDON **;LPA;SPNA;LAS PALMAS;440 562;2 869
MKC;UNST;KANSAS CITY;WAS;UNST;WASHINGTON **;439 470;1 496
ATL;UNST;ATLANTA;CLE;UNST;CLEVELAND;438 852;892
LCG;SPAN;LA CORUNA;MAD;SPAN;MADRID **;438 389;512
ATH;GREC;ATHENS;ROM;ITAL;ROMA **;437 205;1 071
ATL;UNST;ATLANTA;SLC;UNST;SALT LAKE CITY;436 740;2 550
BCN;SPAN;BARCELONA;MIL;ITAL;MILANO **;436 728;730
LAS;UNST;LAS VEGAS;TUS;UNST;TUCSON;435 316;587
AKL;NEWZ;AUCKLAND;MEL;ASTL;MELBOURNE **;435 309;2 630
BWI;UNST;BALTIMORE;JAX;UNST;JACKSONVILLE;435 250;1 072
AMS;NETH;AMSTERDAM;MUC;GERF;MUNICH;435 245;676
BWI;UNST;BALTIMORE;MSY;UNST;NEW ORLEANS;433 958;1 606
LAX;UNST;LOS ANGELES **;TPA;UNST;TAMPA, FL **;433 460;3 464
ATL;UNST;ATLANTA;FRA;GERF;FRANKFURT;433 401;7 404
BRU;BELG;BRUSSELS;PAR;FRAN;PARIS **;432 514;284
ORL;UNST;ORLANDO;SEA;UNST;SEATTLE;432 424;4 091
ATL;UNST;ATLANTA;PAR;FRAN;PARIS **;432 012;7 050
BCN;SPAN;BARCELONA;MAH;SPAN;MAHON;432 002;242
BUF;UNST;BUFFALO;ORL;UNST;ORLANDO;431 688;1 617
FLL;UNST;FORT LAUDERDALE;NAS;BAHM;NASSAU;431 151;293
BOS;UNST;BOSTON;SJC;UNST;SAN JOSE;430 272;4 314
DAL;UNST;DALLAS **;LON;UNKG;LONDON **;430 192;7 601
MIA;UNST;MIAMI **;SFO;UNST;SAN FRANCISCO;428 856;4 152
FRA;GERF;FRANKFURT;LIS;PORT;LISBON;428 758;1 873
FMO;GERF;MUNSTER;PMI;SPAN;PALMA DE MALLORCA;428 541;1 428
AMS;NETH;AMSTERDAM;VIE;AUST;VIENNA;428 241;954
GLA;UNKG;GLASGOW **;LTN;UNKG;LUTON;428 033;516
CUN;MEXC;CANCUN;DAL;UNST;DALLAS **;427 474;1 664
CUN;MEXC;CANCUN;HOU;UNST;HOUSTON **;426 495;1 305
SMF;UNST;SACRAMENTO;SNA;UNST;ORANGE COUNT;426 062;630
CHI;UNST;CHICAGO **;MHT;UNST;MANCHESTER;425 992;1 333
HOU;UNST;HOUSTON **;OKC;UNST;OKLAHOMA CITY;425 328;675
CHI;UNST;CHICAGO **;SAT;UNST;SAN ANTONIO;423 882;1 680
BRE;GERF;BREMEN;FRA;GERF;FRANKFURT;422 905;336
BWI;UNST;BALTIMORE;ISP;UNST;LONG ISLAND MACARTHUR;422 814;354
SEL;KORR;SEOUL **;TPE;TAIW;TAIPEI;421 645;1 474
JED;SAUD;JEDDAH;KHI;PAKI;KARACHI;421 000;2 874
HOU;UNST;HOUSTON **;HRL;UNST;HARLINGEN;419 712;453
BKK;THAI;BANGKOK;SYD;ASTL;SYDNEY;419 370;7 538
BWI;UNST;BALTIMORE;RDU;UNST;RALEIGH/DURHAM;419 046;411
CLE;UNST;CLEVELAND;STL;UNST;ST LOUIS;418 846;782
ELP;UNST;EL PASO;PHX;UNST;PHOENIX;418 128;559
BCN;SPAN;BARCELONA;ROM;ITAL;ROMA **;417 988;845
AMS;NETH;AMSTERDAM;YTO;CAND;TORONTO;417 463;5 986
BRU;BELG;BRUSSELS;ZRH;SWTZ;ZURICH;417 383;484
VIE;AUST;VIENNA;ZRH;SWTZ;ZURICH;416 497;601
CHI;UNST;CHICAGO **;MEX;MEXC;MEXICO CITY;415 160;2 716
LON;UNKG;LONDON **;MAH;SPAN;MAHON;414 999;1 329
PDX;UNST;PORTLAND;SNA;UNST;ORANGE COUNT;414 784;1 384
MAN;UNKG;MANCHESTER;NYC;UNST;NEW YORK **;414 410;5 364
OSD;SWED;OSTERSUND;STO;SWED;STOCKHOLM **;413 667;464
PDX;UNST;PORTLAND;SEA;UNST;SEATTLE;412 996;209
NYC;UNST;NEW YORK **;ZRH;SWTZ;ZURICH;412 787;6 312
PAR;FRAN;PARIS **;RAK;MORC;MARRAKECH;412 321;2 093
AMS;NETH;AMSTERDAM;TLV;ISRL;TEL AVIV;412 121;3 311
AYT;TURK;ANTALYA;FRA;GERF;FRANKFURT;411 679;2 295
FRA;GERF;FRANKFURT;STO;SWED;STOCKHOLM **;410 949;1 195
SYD;ASTL;SYDNEY;TYO;JAPN;TOKYO **;410 337;7 811
AMS;NETH;AMSTERDAM;BHX;UNKG;BIRMINGHAM;409 968;443
CHI;UNST;CHICAGO **;YMQ;CAND;MONTREAL **;409 764;1 199
SPC;SPNA;LA PALMA;TCI;SPNA;TENERIFE **;409 575;123
LON;UNKG;LONDON **;PSA;ITAL;PISA;408 295;1 191
MIA;UNST;MIAMI **;PAP;HAIT;PORT AU PRINCE;408 064;1 147
MUC;GERF;MUNICH;PMI;SPAN;PALMA DE MALLORCA;407 978;1 192
MSP;UNST;MINNEAPOLIS;PHL;UNST;PHILADELPHIA;407 884;1 573
ORL;UNST;ORLANDO;PHX;UNST;PHOENIX;407 504;2 962
ATL;UNST;ATLANTA;PBI;UNST;PALM BEACH;406 684;879
RDU;UNST;RALEIGH/DURHAM;TPA;UNST;TAMPA, FL **;406 566;946
MIL;ITAL;MILANO **;SSH;EGYP;SHARM EL SHEIKH;405 811;2 966
CLT;UNST;CHARLOTTE;DAL;UNST;DALLAS **;405 706;1 501
BUE;ARGT;BUENOS AIRES **;MVD;URUG;MONTEVIDEO;405 685;206
ACE;SPNA;ARRECIFE;MAD;SPAN;MADRID **;405 627;1 572
BNA;UNST;NASHVILLE;HOU;UNST;HOUSTON **;405 486;1 079
HOU;UNST;HOUSTON **;MKC;UNST;KANSAS CITY;405 210;1 054
DEN;UNST;DENVER;DET;UNST;DETROIT **;405 080;1 821
AUS;UNST;AUSTIN;PHX;UNST;PHOENIX;403 760;1 395
FLL;UNST;FORT LAUDERDALE;LAS;UNST;LAS VEGAS;403 344;3 490
NGO;JAPN;NAGOYA;TPE;TAIW;TAIPEI;403 302;1 857
LAX;UNST;LOS ANGELES **;YTO;CAND;TORONTO;402 833;3 491
KAG;KORR;GANGNEUNG;SEL;KORR;SEOUL **;402 121;190
SAN;UNST;SAN DIEGO;TUS;UNST;TUCSON;401 854;589
ATL;UNST;ATLANTA;CLT;UNST;CHARLOTTE;401 516;365
BUD;HUNG;BUDAPEST;LON;UNKG;LONDON **;401 490;1 508
FRA;GERF;FRANKFURT;MOW;RUSF;MOSCOU **;401 177;2 024
NYC;UNST;NEW YORK **;RIC;UNST;RICHMOND;400 738;461
CMH;UNST;COLUMBUS, OH **;PHX;UNST;PHOENIX;400 376;2 684
DUB;IRLD;DUBLIN;GLA;UNKG;GLASGOW **;399 726;296
PVD;UNST;PROVIDENCE;TPA;UNST;TAMPA, FL **;398 832;1 831
HAV;CUBA;HAVANA;MAD;SPAN;MADRID **;398 667;7 453
MIL;ITAL;MILANO **;OLB;ITAL;OLBIA;398 560;520
AMS;NETH;AMSTERDAM;OSL;NORW;OSLO **;398 528;916
BNA;UNST;NASHVILLE;LAX;UNST;LOS ANGELES **;397 482;2 883
OSA;JAPN;OSAKA **;SYD;ASTL;SYDNEY;396 898;7 809
PUS;KORR;PUSAN;TPE;TAIW;TAIPEI;396 635;1 338
PAR;FRAN;PARIS **;BER;GERF;BERLIN **;396 208;878
IBZ;SPAN;IBIZA;LON;UNKG;LONDON **;396 162;1 392
SDL;SWED;SUNDSVALL;STO;SWED;STOCKHOLM **;396 083;355
BOS;UNST;BOSTON;SEA;UNST;SEATTLE;396 066;4 002
LAS;UNST;LAS VEGAS;OMA;UNST;OMAHA;395 850;1 764
LIM;PERU;LIMA;MIA;UNST;MIAMI **;395 482;4 216
RDU;UNST;RALEIGH/DURHAM;WAS;UNST;WASHINGTON **;395 018;362
AMS;NETH;AMSTERDAM;TYO;JAPN;TOKYO **;394 349;9 308
KIN;JAMC;KINGSTON;MIA;UNST;MIAMI **;394 270;946
LON;UNKG;LONDON **;WAW;POLD;WARSAW;393 943;1 497
STL;UNST;ST LOUIS;TPA;UNST;TAMPA, FL **;393 710;1 400
CHI;UNST;CHICAGO **;JAX;UNST;JACKSONVILLE;393 232;1 381
PAR;FRAN;PARIS **;SFO;UNST;SAN FRANCISCO;391 342;8 972
LIS;PORT;LISBON;NYC;UNST;NEW YORK **;391 330;5 414
LAS;UNST;LAS VEGAS;SAT;UNST;SAN ANTONIO;389 784;1 718
AMS;NETH;AMSTERDAM;DUB;IRLD;DUBLIN;389 635;750
LAS;UNST;LAS VEGAS;STL;UNST;ST LOUIS;388 424;2 202
AMS;NETH;AMSTERDAM;LTN;UNKG;LUTON;388 352;355
BWI;UNST;BALTIMORE;DAL;UNST;DALLAS **;387 584;1 950
DET;UNST;DETROIT **;LON;UNKG;LONDON **;387 308;5 991
BNA;UNST;NASHVILLE;RDU;UNST;RALEIGH/DURHAM;386 608;711
MIA;UNST;MIAMI **;PTY;PANM;PANAMA CITY - TOCUMEN;386 561;1 860
EDI;UNKG;EDINBURGH;LTN;UNKG;LUTON;386 148;494
DUS;GERF;DUSSELDORF;PAR;FRAN;PARIS **;385 716;421
ORL;UNST;ORLANDO;SDF;UNST;LOUISVILLE;385 580;1 146
IND;UNST;INDIANAPOLIS;PHX;UNST;PHOENIX;385 382;2 392
BCN;SPAN;BARCELONA;BIO;SPAN;BILBAO;385 329;467
MSP;UNST;MINNEAPOLIS;STL;UNST;ST LOUIS;384 044;723
PAD;GERF;PADERBORN;PMI;SPAN;PALMA DE MALLORCA;383 352;1 429
OMA;UNST;OMAHA;PHX;UNST;PHOENIX;383 294;1 667
BRU;BELG;BRUSSELS;LIS;PORT;LISBON;383 034;1 717
BUD;HUNG;BUDAPEST;FRA;GERF;FRANKFURT;382 872;833
ATL;UNST;ATLANTA;SAN;UNST;SAN DIEGO;382 208;3 034
NYC;UNST;NEW YORK **;POP;DOMR;PUERTO PLATA;379 917;2 349
GCM;CAYM;GRAND CAYMAN;MIA;UNST;MIAMI **;379 746;733
CHC;NEWZ;CHRISTCHURCH;SYD;ASTL;SYDNEY;379 723;2 126
LTN;UNKG;LUTON;NCE;FRAN;NICE;379 257;1 072
MSY;UNST;NEW ORLEANS;TPA;UNST;TAMPA, FL **;378 958;784
BHX;UNKG;BIRMINGHAM;PAR;FRAN;PARIS **;377 837;505
GUM;GUAM;GUAM;NGO;JAPN;NAGOYA;377 710;2 542
HKG;HONG;HONG KONG;PAR;FRAN;PARIS **;376 885;9 626
AGP;SPAN;MALAGA;LTN;UNKG;LUTON;376 853;1 720
PHX;UNST;PHOENIX;RNO;UNST;RENO;376 544;965
LON;UNKG;LONDON **;STR;GERF;STUTTGART;376 421;772
BOM;INDA;BOMBAY;RUH;SAUD;RIYADH;376 000;2 765
PIT;UNST;PITTSBURGH;TPA;UNST;TAMPA, FL **;375 892;1 407
HOU;UNST;HOUSTON **;SEA;UNST;SEATTLE;375 760;3 041
FRA;GERF;FRANKFURT;NUE;GERF;NUREMBERG;375 736;190
AMS;NETH;AMSTERDAM;BRU;BELG;BRUSSELS;375 710;159
BNA;UNST;NASHVILLE;CLE;UNST;CLEVELAND;375 004;721
CLE;UNST;CLEVELAND;PHX;UNST;PHOENIX;374 952;2 791
CLE;UNST;CLEVELAND;TPA;UNST;TAMPA, FL **;374 418;1 496
AMS;NETH;AMSTERDAM;LPA;SPNA;LAS PALMAS;374 220;3 185
NYC;UNST;NEW YORK **;ORF;UNST;NORFOLK;374 144;469
LPA;SPNA;LAS PALMAS;MAN;UNKG;MANCHESTER;374 100;3 021
PBI;UNST;PALM BEACH;WAS;UNST;WASHINGTON **;373 746;1 382
ATL;UNST;ATLANTA;RIC;UNST;RICHMOND;373 368;772
DEN;UNST;DENVER;SNA;UNST;ORANGE COUNT;372 016;1 338
DUS;GERF;DUSSELDORF;IST;TURK;ISTANBUL;370 696;2 037
FRA;GERF;FRANKFURT;TLV;ISRL;TEL AVIV;369 698;2 953
ATL;UNST;ATLANTA;SAV;UNST;SAVANNAH;369 456;346
LAS;UNST;LAS VEGAS;MIA;UNST;MIAMI **;368 774;3 493
MRU;MAUT;MAURITIUS;RUN;REUN;ST DENIS;368 567;227
DKR;SENG;DAKAR;PAR;FRAN;PARIS **;368 442;4 190
ACE;SPNA;ARRECIFE;MAN;UNKG;MANCHESTER;368 379;2 864
KUL;MALB;KUALA LUMPUR;TPE;TAIW;TAIPEI;368 105;3 232
DXB;UNAR;DUBAI;THR;IRAN;TEHRAN;367 861;1 221
MBJ;JAMC;MONTEGO BAY;MIA;UNST;MIAMI **;367 429;847
BOS;UNST;BOSTON;YTO;CAND;TORONTO;366 839;716
DRS;GERF;DRESDEN;FRA;GERF;FRANKFURT;366 393;387
AUS;UNST;AUSTIN;LAX;UNST;LOS ANGELES **;366 160;1 986
BHM;UNST;BIRMINGHAM;PAR;FRAN;PARIS **;366 108;7 214
FUK;JAPN;FUKUOKA;TPE;TAIW;TAIPEI;365 979;1 280
CAI;EGYP;CAIRO;PAR;FRAN;PARIS **;365 260;3 202
AMS;NETH;AMSTERDAM;FAO;PORT;FARO;365 130;1 969
AUS;UNST;AUSTIN;LAS;UNST;LAS VEGAS;364 904;1 744
BOM;INDA;BOMBAY;LON;UNKG;LONDON **;364 858;7 233
PMI;SPAN;PALMA DE MALLORCA;BER;GERF;BERLIN **;364 715;1 656
DUS;GERF;DUSSELDORF;HAM;GERF;HAMBURG;364 457;341
DEN;UNST;DENVER;TPA;UNST;TAMPA, FL **;363 550;2 433
ATL;UNST;ATLANTA;YTO;CAND;TORONTO;363 160;1 190
HAM;GERF;HAMBURG;PAR;FRAN;PARIS **;361 727;759
PBI;UNST;PALM BEACH;PHL;UNST;PHILADELPHIA;361 166;1 534
CLE;UNST;CLEVELAND;HOU;UNST;HOUSTON **;360 862;1 781
GCI;UNKG;GUERNSEY;LON;UNKG;LONDON **;360 474;243
BWI;UNST;BALTIMORE;MKC;UNST;KANSAS CITY;359 622;1 542
OAK;UNST;OAKLAND;RNO;UNST;RENO;359 382;291
BNA;UNST;NASHVILLE;TPA;UNST;TAMPA, FL **;359 250;988
BNA;UNST;NASHVILLE;DAL;UNST;DALLAS **;358 752;1 011
CLT;UNST;CHARLOTTE;WAS;UNST;WASHINGTON **;358 742;523
BOS;UNST;BOSTON;PHX;UNST;PHOENIX;358 612;3 694
MIL;ITAL;MILANO **;ZRH;SWTZ;ZURICH;358 528;216
BCN;SPAN;BARCELONA;TCI;SPNA;TENERIFE **;357 854;2 222
CLT;UNST;CHARLOTTE;PHL;UNST;PHILADELPHIA;357 688;722
NYC;UNST;NEW YORK **;SAV;UNST;SAVANNAH;356 848;1 154
BOS;UNST;BOSTON;SAN;UNST;SAN DIEGO;356 794;4 153
ATL;UNST;ATLANTA;ORF;UNST;NORFOLK;356 676;829
ORL;UNST;ORLANDO;SYR;UNST;SYRACUSE;356 654;1 687
BLQ;ITAL;BOLOGNA;ROM;ITAL;ROMA **;356 625;315
AMS;NETH;AMSTERDAM;HER;GREC;IRAKLION;355 901;2 480
SLC;UNST;SALT LAKE CITY;SNA;UNST;ORANGE COUNT;355 492;947
MRU;MAUT;MAURITIUS;PAR;FRAN;PARIS **;355 426;9 430
BRU;BELG;BRUSSELS;NCE;FRAN;NICE;355 308;830
STL;UNST;ST LOUIS;WAS;UNST;WASHINGTON **;354 926;1 136
MSY;UNST;NEW ORLEANS;PHL;UNST;PHILADELPHIA;354 272;1 752
ATL;UNST;ATLANTA;FMY;UNST;FORT MYERS;354 180;823
HOU;UNST;HOUSTON **;TPA;UNST;TAMPA, FL **;353 548;1 256
FRA;GERF;FRANKFURT;VCE;ITAL;VENICE;353 082;585
PHL;UNST;PHILADELPHIA;RDU;UNST;RALEIGH/DURHAM;351 426;544
BKK;THAI;BANGKOK;PAR;FRAN;PARIS **;350 455;9 432
BDS;ITAL;BRINDISI;ROM;ITAL;ROMA **;350 351;494
SFO;UNST;SAN FRANCISCO;YTO;CAND;TORONTO;348 694;3 625
MEM;UNST;MEMPHIS;WAS;UNST;WASHINGTON **;348 240;1 206
MAD;SPAN;MADRID **;MIA;UNST;MIAMI **;347 737;7 101
SHA;CHIN;SHANGHAI **;SIN;SING;SINGAPORE **;347 514;3 806
HOU;UNST;HOUSTON **;SAN;UNST;SAN DIEGO;346 354;2 104
DEN;UNST;DENVER;STL;UNST;ST LOUIS;346 068;1 253
CMH;UNST;COLUMBUS, OH **;WAS;UNST;WASHINGTON **;345 800;500
CMH;UNST;COLUMBUS, OH **;LAX;UNST;LOS ANGELES **;345 388;3 202
HFD;UNST;HARTFORD SPRINGFIELDS;LAX;UNST;LOS ANGELES **;345 290;4 054
ATL;UNST;ATLANTA;MEX;MEXC;MEXICO CITY;344 768;2 144
MSY;UNST;NEW ORLEANS;SFO;UNST;SAN FRANCISCO;344 654;3 068
AMS;NETH;AMSTERDAM;IST;TURK;ISTANBUL;344 332;2 209
ATL;UNST;ATLANTA;CMH;UNST;COLUMBUS, OH **;344 282;719
LCA;CYPR;LARNACA;MAN;UNKG;MANCHESTER;344 093;3 466
JKT;INDO;JAKARTA **;KUL;MALB;KUALA LUMPUR;343 985;1 177
MIL;ITAL;MILANO **;ROM;ITAL;ROMA **;343 809;489
FRA;GERF;FRANKFURT;HEL;FINL;HELSINKI;343 342;1 537
IST;TURK;ISTANBUL;MUC;GERF;MUNICH;343 096;1 567
FRA;GERF;FRANKFURT;SFO;UNST;SAN FRANCISCO;340 847;9 143
FRA;GERF;FRANKFURT;PRG;CZCH;PRAGUE;340 718;418
CMB;SRIL;COLOMBO;MAA;INDA;CHENNAI/MADRAS;340 487;647
FLL;UNST;FORT LAUDERDALE;RDU;UNST;RALEIGH/DURHAM;339 926;1 097
NYC;UNST;NEW YORK **;SAT;UNST;SAN ANTONIO;339 838;2 537
GVA;SWTZ;GENEVA;LTN;UNKG;LUTON;339 793;783
BUE;ARGT;BUENOS AIRES **;RIO;BRAZ;RIO DE JANEIRO **;339 744;1 964
AMS;NETH;AMSTERDAM;WAS;UNST;WASHINGTON **;339 691;6 194
MKE;UNST;MILWAUKEE;SFO;UNST;SAN FRANCISCO;339 592;2 961
BHX;UNKG;BIRMINGHAM;PMI;SPAN;PALMA DE MALLORCA;339 401;1 474
TLV;ISRL;TEL AVIV;ZRH;SWTZ;ZURICH;339 287;2 809
RNO;UNST;RENO;SAN;UNST;SAN DIEGO;338 894;787
FRA;GERF;FRANKFURT;SEL;KORR;SEOUL **;338 814;8 548
FRA;GERF;FRANKFURT;PUS;KORR;PUSAN;338 814;8 885
BFS;UNKG;BELFAST **;BHX;UNKG;BIRMINGHAM;337 854;368
LON;UNKG;LONDON **;NAP;ITAL;NAPOLI;337 347;1 635
AGP;SPAN;MALAGA;AMS;NETH;AMSTERDAM;337 012;1 885
AMS;NETH;AMSTERDAM;LAX;UNST;LOS ANGELES **;336 442;8 951
MED;SAUD;MEDINA;RUH;SAUD;RIYADH;336 000;706
BHM;UNST;BIRMINGHAM;BWI;UNST;BALTIMORE;335 688;1 095
LIS;PORT;LISBON;ZRH;SWTZ;ZURICH;335 509;1 722
BOM;INDA;BOMBAY;SIN;SING;SINGAPORE **;335 270;3 918
AGP;SPAN;MALAGA;BRU;BELG;BRUSSELS;334 820;1 735
LON;UNKG;LONDON **;OSA;JAPN;OSAKA;334 394;9 528
GOT;SWED;GOTEBORG **;LON;UNKG;LONDON **;334 345;1 103
CHI;UNST;CHICAGO **;HPN;UNST;WESTCHESTER COUNTY;333 788;1 162
ATL;UNST;ATLANTA;CVG;UNST;CINCINNATI;333 040;600
FRA;GERF;FRANKFURT;LEJ;GERF;LEIPZIG;332 750;310
ALC;SPAN;ALICANTE;BCN;SPAN;BARCELONA;332 715;392
CRP;UNST;CORPUS CHRISTI;DAL;UNST;DALLAS **;332 426;578
HOU;UNST;HOUSTON **;MAF;UNST;MIDLAND/ODESSA;332 342;706
CAI;EGYP;CAIRO;LON;UNKG;LONDON **;332 293;3 541
BKK;THAI;BANGKOK;RGN;BURM;RANGOON;331 724;579
FMY;UNST;FORT MYERS;IND;UNST;INDIANAPOLIS;330 542;1 517
PAR;FRAN;PARIS **;STR;GERF;STUTTGART;330 049;500
KUL;MALB;KUALA LUMPUR;TYO;JAPN;TOKYO **;330 009;5 316
PAR;FRAN;PARIS **;YTO;CAND;TORONTO;329 911;6 019
NYC;UNST;NEW YORK **;SEL;KORR;SEOUL **;329 755;11 048
AMS;NETH;AMSTERDAM;AYT;TURK;ANTALYA;329 732;2 651
DET;UNST;DETROIT **;FRA;GERF;FRANKFURT;328 866;6 639
BHM;UNST;BIRMINGHAM;CHI;UNST;CHICAGO **;328 736;926
BNE;ASTL;BRISBANE;SIN;SING;SINGAPORE **;328 111;6 158
MUC;GERF;MUNICH;VIE;AUST;VIENNA;327 879;358
PHL;UNST;PHILADELPHIA;SAN;UNST;SAN DIEGO;327 580;3 803
CFU;GREC;CORFU;LON;UNKG;LONDON **;327 512;2 044
MIL;ITAL;MILANO **;TLV;ISRL;TEL AVIV;327 496;2 682
ROM;ITAL;ROMA **;ZRH;SWTZ;ZURICH;327 470;692
PHX;UNST;PHOENIX;SNA;UNST;ORANGE COUNT;327 354;541
CAN;CHIN;GUANGZHOU;HKG;HONG;HONG KONG;326 904;134
MKE;UNST;MILWAUKEE;PHX;UNST;PHOENIX;326 218;2 346
LAX;UNST;LOS ANGELES **;MKE;UNST;MILWAUKEE;324 658;2 818
LGB;UNST;LONG BEACH;PHX;UNST;PHOENIX;323 752;567
CHS;UNST;CHARLESTON;NYC;UNST;NEW YORK **;323 512;1 024
DEN;UNST;DENVER;OMA;UNST;OMAHA;323 492;777
CPH;DENM;COPENHAGEN **;ZRH;SWTZ;ZURICH;322 661;950
MBJ;JAMC;MONTEGO BAY;NYC;UNST;NEW YORK **;322 132;2 501
HOU;UNST;HOUSTON **;MIA;UNST;MIAMI **;321 972;1 536
BOS;UNST;BOSTON;FRA;GERF;FRANKFURT;321 141;5 885
LAX;UNST;LOS ANGELES **;PVD;UNST;PROVIDENCE;321 118;4 159
MKE;UNST;MILWAUKEE;WAS;UNST;WASHINGTON **;320 646;1 002
FLR;ITAL;FLORENCE;PAR;FRAN;PARIS **;320 477;870
IBZ;SPAN;IBIZA;MAN;UNKG;MANCHESTER;320 187;1 633
PHL;UNST;PHILADELPHIA;SEA;UNST;SEATTLE;319 986;3 814
LAX;UNST;LOS ANGELES **;SAT;UNST;SAN ANTONIO;319 782;1 943
MIA;UNST;MIAMI **;RIO;BRAZ;RIO DE JANEIRO **;319 765;6 726
HOU;UNST;HOUSTON **;PAR;FRAN;PARIS **;319 640;8 093
PMI;SPAN;PALMA DE MALLORCA;VLC;SPAN;VALENCIA;319 255;274
ATL;UNST;ATLANTA;IND;UNST;INDIANAPOLIS;319 018;696
BRU;BELG;BRUSSELS;MAN;UNKG;MANCHESTER;318 947;535
SFO;UNST;SAN FRANCISCO;STL;UNST;ST LOUIS;318 314;2 785
BNA;UNST;NASHVILLE;MSY;UNST;NEW ORLEANS;317 674;760
BJS;CHIN;BEIJING;FRA;GERF;FRANKFURT;317 576;7 782
CRP;UNST;CORPUS CHRISTI;HOU;UNST;HOUSTON **;317 562;300
FRA;GERF;FRANKFURT;GVA;SWTZ;GENEVA;317 370;460
CGN;GERF;COLOGNE;FRA;GERF;FRANKFURT;316 937;136
AYT;TURK;ANTALYA;STR;GERF;STUTTGART;316 860;2 181
LAX;UNST;LOS ANGELES **;PPT;FREP;PAPEETE;316 357;6 606
DUS;GERF;DUSSELDORF;ZRH;SWTZ;ZURICH;316 174;445
CLE;UNST;CLEVELAND;FLL;UNST;FORT LAUDERDALE;316 108;1 713
AMS;NETH;AMSTERDAM;ATH;GREC;ATHENS;315 978;2 172
GUA;GUAT;GUATEMALA CITY;MIA;UNST;MIAMI **;315 797;1 642
BCN;SPAN;BARCELONA;LTN;UNKG;LUTON;315 757;1 189
CHI;UNST;CHICAGO **;MEM;UNST;MEMPHIS;315 498;782
ATH;GREC;ATHENS;MUC;GERF;MUNICH;315 409;1 496
LAX;UNST;LOS ANGELES **;SJD;MEXC;SAN SOSE CABO;315 229;1 477
MAD;SPAN;MADRID **;ZRH;SWTZ;ZURICH;314 494;1 239
CLE;UNST;CLEVELAND;SFO;UNST;SAN FRANCISCO;314 060;3 468
BUE;ARGT;BUENOS AIRES **;NYC;UNST;NEW YORK **;314 019;8 520
HKG;HONG;HONG KONG;JKT;INDO;JAKARTA **;313 712;3 265
BGA;COLM;BUCARAMANGA;BOG;COLM;BOGOTA;313 462;289
CGN;GERF;COLOGNE;HAM;GERF;HAMBURG;313 313;363
BFS;UNKG;BELFAST **;LTN;UNKG;LUTON;313 047;481
MSP;UNST;MINNEAPOLIS;TYO;JAPN;TOKYO **;312 895;9 597
LON;UNKG;LONDON **;PFO;CYPR;PAPHOS;312 482;3 223
AYT;TURK;ANTALYA;MUC;GERF;MUNICH;311 711;1 991
FRA;GERF;FRANKFURT;SAO;BRAZ;SAO PAULO **;311 504;9 802
LAX;UNST;LOS ANGELES **;RDU;UNST;RALEIGH/DURHAM;311 452;3 592
ELP;UNST;EL PASO;LAX;UNST;LOS ANGELES **;310 444;1 146
MSP;UNST;MINNEAPOLIS;TPA;UNST;TAMPA, FL **;310 152;2 106
BCN;SPAN;BARCELONA;ZRH;SWTZ;ZURICH;309 459;854
CMH;UNST;COLUMBUS, OH **;STL;UNST;ST LOUIS;309 124;657
AMS;NETH;AMSTERDAM;BKK;THAI;BANGKOK;308 860;9 169
MUC;GERF;MUNICH;ZRH;SWTZ;ZURICH;308 473;247
GVA;SWTZ;GENEVA;NCE;FRAN;NICE;308 398;298
FRA;GERF;FRANKFURT;JNB;SOUF;JOHANNESBURG;308 030;8 694
BIA;FRAN;BASTIA;PAR;FRAN;PARIS **;307 811;880
ORL;UNST;ORLANDO;SLC;UNST;SALT LAKE CITY;307 456;3 090
ATH;GREC;ATHENS;AXD;GREC;ALEXANDROUPOLIS;307 452;379
BOS;UNST;BOSTON;PAR;FRAN;PARIS **;307 397;5 530
LON;UNKG;LONDON **;YMQ;CAND;MONTREAL **;307 114;5 181
CFE;FRAN;CLERMONT-FERRAND;PAR;FRAN;PARIS **;307 046;333
HOU;UNST;HOUSTON **;MSP;UNST;MINNEAPOLIS;305 686;1 704
NTE;FRAN;NANTES;PAR;FRAN;PARIS **;305 624;345
NAP;ITAL;NAPOLI;ROM;ITAL;ROMA **;305 325;199
BLQ;ITAL;BOLOGNA;LON;UNKG;LONDON **;305 252;1 172
BUR;UNST;BURBANK;PDX;UNST;PORTLAND;305 050;1 315
FRA;GERF;FRANKFURT;OSA;JAPN;OSAKA;304 845;9 230
FRA;GERF;FRANKFURT;MAN;UNKG;MANCHESTER;304 843;831
BRU;BELG;BRUSSELS;STO;SWED;STOCKHOLM **;304 672;1 266
ATH;GREC;ATHENS;NYC;UNST;NEW YORK **;304 458;7 922
BKK;THAI;BANGKOK;MNL;PHIL;MANILA;304 417;2 200
IBZ;SPAN;IBIZA;PMI;SPAN;PALMA DE MALLORCA;304 377;141
IST;TURK;ISTANBUL;ZRH;SWTZ;ZURICH;303 877;1 761
SGN;VTND;HO CHI MINH CITY;TPE;TAIW;TAIPEI;303 546;2 228
SLC;UNST;SALT LAKE CITY;WAS;UNST;WASHINGTON **;303 482;2 952
DPS;INDO;DENPASAR (BALI);TYO;JAPN;TOKYO **;303 269;5 557
PAR;FRAN;PARIS **;PRG;CZCH;PRAGUE;302 634;883
BRU;BELG;BRUSSELS;MUC;GERF;MUNICH;302 223;604
LON;UNKG;LONDON **;MOW;RUSF;MOSCOU **;302 073;2 547
JAX;UNST;JACKSONVILLE;PHL;UNST;PHILADELPHIA;301 536;1 201
SEA;UNST;SEATTLE;STL;UNST;ST LOUIS;301 498;2 742
ABQ;UNST;ALBUQUERQUE;HOU;UNST;HOUSTON **;301 458;1 218
MAD;SPAN;MADRID **;MEX;MEXC;MEXICO CITY;301 271;9 062
BOS;UNST;BOSTON;CLT;UNST;CHARLOTTE;300 680;1 170
IBZ;SPAN;IBIZA;MAD;SPAN;MADRID **;300 643;457
MOW;RUSF;MOSCOU **;PAR;FRAN;PARIS **;300 290;2 483
ELP;UNST;EL PASO;LAS;UNST;LAS VEGAS;300 272;939
AUA;NETS;ARUBA /ORANJESTAD;MIA;UNST;MIAMI **;300 205;1 827
BER;GERF;BERLIN **;ZRH;SWTZ;ZURICH;300 004;656
